[
	{
		"_category":"Basic Grammar and Communication Skills",
		"question": "What is the correct form of the verb to complete the sentence?\n\"She ___________ to the store yesterday.\"",
		"answer": "c",
		"choices":{
			"a":"goes",
			"b":"go",
			"c":"went",
			"d":"going"
		}
	},
	{
		"_category":"Basic Grammar and Communication Skills",
		"question": "Identify the sentence with the correct punctuation.",
		"answer": "a",
		"choices":{
			"a":"I love hiking, swimming, and biking.",
			"b":"I love hiking swimming and biking.",
			"c":"I love hiking, swimming and biking.",
			"d":"I love hiking swimming, and biking."
		}
	},
	{
		"_category":"Basic Grammar and Communication Skills",
		"question": "Choose the correct word to fill in the blank: \"Alex and ____ are going to the movies.\"",
		"answer": "b",
		"choices":{
			"a":"me",
			"b":"I",
			"c":"myself",
			"d":"mineself"
		}
	},
	{
		"_category":"Basic Grammar and Communication Skills",
		"question": "Which sentence uses the correct homophone?",
		"answer": "b",
		"choices":{
			"a":"Their going to the party tonight.",
			"b":"They're going to the party tonight.",
			"c":"There going to the party tonight.",
			"d":"Thier going to the party tonight."
		}
	},
	{
		"_category":"Basic Grammar and Communication Skills",
		"question": "Identify the sentence with the incorrect subject-verb agreement.",
		"answer": "a",
		"choices":{
			"a":"The dog and the cat plays in the yard.",
			"b":"The dog and the cat play in the yard.",
			"c":"The dog and the cat is playing in the yard.",
			"d":"The dog and the cat playing in the yard."
		}
	},
	{
		"_category":"Basic Grammar and Communication Skills",
		"question": "Which sentence is in the passive voice?",
		"answer": "b",
		"choices":{
			"a":"She baked a delicious cake.",
			"b":"The delicious cake was baked by her.",
			"c":"Baking a delicious cake is her specialty.",
			"d":"Her baking of a delicious cake."
		}
	},
	{
		"_category":"Basic Grammar and Communication Skills",
		"question": "Identify the sentence with the correct use of an apostrophe.",
		"answer": "b",
		"choices":{
			"a":"The cats toys are missing.",
			"b":"The cat's toys are missing.",
			"c":"The cats' toys are missing.",
			"d":"The cats toys' are missing."
		}
	},
	{
		"_category":"Basic Grammar and Communication Skills",
		"question": "Choose the correctly spelled word.",
		"answer": "b",
		"choices":{
			"a":"Embarrasment",
			"b":"Embarrassment",
			"c":"Embarassment ",
			"d":"Embbarassment"
		}
	},
	{
		"_category":"Basic Grammar and Communication Skills",
		"question": "What type of sentence is this? \"Take your umbrella with you.\"",
		"answer": "b",
		"choices":{
			"a":"Interrogative",
			"b":"Imperative",
			"c":"Declarative",
			"d":"Exclamatory"
		}
	},
	{
		"_category":"Basic Grammar and Communication Skills",
		"question": "Which of the following is an antonym for the word \"benevolent\"?",
		"answer": "b",
		"choices":{
			"a":"Kindhearted",
			"b":"Malevolent",
			"c":"Compassionate",
			"d":"Generous"
		}
	},


	{
		"_category":"Customer Service",
		"question": "What is the primary goal of customer service?",
		"answer": "b",
		"choices":{
			"a":"Maximizing profits",
			"b":"Resolving customer complaints",
			"c":"Ignoring customer feedback",
			"d":"Promoting internal processes"
		}
	},
	{
		"_category":"Customer Service",
		"question": "Which communication skill is crucial for effective customer interactions?",
		"answer": "b",
		"choices":{
			"a":"Ignoring customer concerns",
			"b":"Active listening",
			"c":"Interrupting customers",
			"d":"Expressing personal opinions"
		}
	},
	{
		"_category":"Customer Service",
		"question": "What does the acronym \"CRM\" stand for in the context of customer service?",
		"answer": "c",
		"choices":{
			"a":"Customer Request Management",
			"b":"Current Relationship Metrics",
			"c":"Customer Relationship Management",
			"d":"Continuous Resolution Methods"
		}
	},
	{
		"_category":"Customer Service",
		"question": "What should a customer service representative do if they don't know the answer to a customer's question?",
		"answer": "d",
		"choices":{
			"a":"Provide incorrect information confidently",
			"b":"Make up a plausible response",
			"c":"Guess the solution",
			"d":"Promise to find the answer and follow up"
		}
	},
	{
		"_category":"Customer Service",
		"question": "In handling an upset customer, which approach is recommended?",
		"answer": "b",
		"choices":{
			"a":"Disregard their emotions and focus on the issue",
			"b":"Listen actively and empathize with their feelings",
			"c":"Argue with them to prove your point",
			"d":"Assign blame and responsibility"
		}
	},
	{
		"_category":"Customer Service",
		"question": "What does the term \"first-call resolution\" mean?",
		"answer": "a",
		"choices":{
			"a":"Resolving customer issues within the first call",
			"b":"Disconnecting calls to avoid escalation",
			"c":"Deferring customer concerns to a later time",
			"d":"Transferring calls to multiple agents"
		}
	},
	{
		"_category":"Customer Service",
		"question": "What is the purpose of a customer feedback survey?",
		"answer": "d",
		"choices":{
			"a":"To demonstrate company authority",
			"b":"To collect customer data for marketing",
			"c":"To engage customers in small tal",
			"d":"To gather insights for improvement"
		}
	},
	{
		"_category":"Customer Service",
		"question": "What is the significance of an \"omnichannel\" approach in customer service?",
		"answer": "c",
		"choices":{
			"a":"Focusing solely on phone-based support",
			"b":"Limiting customer service to email communication",
			"c":"Providing consistent support across various channels",
			"d":"Ignoring online customer feedback"
		}
	},
	{
		"_category":"Customer Service",
		"question": "How can personalization enhance the customer service experience?",
		"answer": "c",
		"choices":{
			"a":"By using generic templates for responses",
			"b":"By addressing customers as \"valued user\"",
			"c":"By tailoring interactions to individual preferences",
			"d":"By avoiding the use of customer names"
		}
	},
	{
		"_category":"Customer Service",
		"question": "What does the term \"SLA\" stand for in the context of customer service?",
		"answer": "a",
		"choices":{
			"a":"Service-Level Agreement",
			"b":"Supportive Language Approac",
			"c":"Swift Loyal Assistance",
			"d":"Superior Listening Aptitude"
		}
	},


	{
		"_category":"Basic Computer Navigation",
		"question": "What does the acronym \"URL\" stand for in the context of web browsing?",
		"answer": "b",
		"choices":{
			"a":"Universal Routing Link",
			"b":"Uniform Resource Locator",
			"c":"User Retrieval Language",
			"d":"Unified Rendering List"
		}
	},
	{
		"_category":"Basic Computer Navigation",
		"question": "Which key combination is commonly used to copy selected content?",
		"answer": "a",
		"choices":{
			"a":"Ctrl + C",
			"b":"Ctrl + V",
			"c":"Ctrl + X",
			"d":"Ctrl + Z"
		}
	},
	{
		"_category":"Basic Computer Navigation",
		"question": "What is the purpose of the \"desktop\" on a computer?",
		"answer": "c",
		"choices":{
			"a":"Storing physical documents",
			"b":"Accessing the internet",
			"c":"Organizing and launching applications",
			"d":"Sending emails"
		}
	},
	{
		"_category":"Basic Computer Navigation",
		"question": "Which type of software allows you to create, edit, and format text documents?",
		"answer": "c",
		"choices":{
			"a":"Spreadsheet software",
			"b":"Presentation software",
			"c":"Word processing software",
			"d":"Graphic design software"
		}
	},
	{
		"_category":"Basic Computer Navigation",
		"question": "What does the term \"browser cache\" refer to?",
		"answer": "b",
		"choices":{
			"a":"A hardware component",
			"b":"Temporary internet files stored by a browser",
			"c":"A type of malware",
			"d":"System fonts"
		}
	},
	{
		"_category":"Basic Computer Navigation",
		"question": "How can you access the \"Task Manager\" on Windows operating systems?",
		"answer": "b",
		"choices":{
			"a":"Ctrl + Alt + Del, then select \"Task Manager\"",
			"b":"Ctrl + Shift + Esc",
			"c":"Right-click on the desktop and select \"Task Manager\"",
			"d":"Type \"Task Manager\" in the search bar"
		}
	},
	{
		"_category":"Basic Computer Navigation",
		"question": "What is the purpose of the \"Ctrl + Z\" keyboard shortcut?",
		"answer": "b",
		"choices":{
			"a":"Zoom in on the screen",
			"b":"Undo the last action",
			"c":"Open a new tab in a browser",
			"d":"Save the current document"
		}
	},
	{
		"_category":"Basic Computer Navigation",
		"question": "Which of the following is an example of an operating system?",
		"answer": "d",
		"choices":{
			"a":"Microsoft Word",
			"b":"Google Chrome",
			"c":"Mozilla Firefox",
			"d":"Windows 10"
		}
	},
	{
		"_category":"Basic Computer Navigation",
		"question": "What does the \"backspace\" key do?",
		"answer": "b",
		"choices":{
			"a":"Moves the cursor to the beginning of the line",
			"b":"Deletes the character to the right of the cursor",
			"c":"Adds a space to the left of the cursor",
			"d":"Refreshes the current webpage"
		}
	},
	{
		"_category":"Basic Computer Navigation",
		"question": "How do you \"minimize\" a window on your computer?",
		"answer": "c",
		"choices":{
			"a":"Press Alt + F4",
			"b":"Click the red \"X\" button in the corner",
			"c":"Drag the window to the bottom of the screen",
			"d":"Click the middle button between minimize and maximize"
		}
	},


	{
		"_category":"Mid-Level Problem-Solving in  Math",
		"question": "If a property's original price was $250,000 and it depreciated by 15% over five years, what is its current value?",
		"answer": "d",
		"choices":{
			"a":"$275,000",
			"b":"$212,500",
			"c":"$225,000",
			"d":"$262,500"
		}
	},
	{
		"_category":"Mid-Level Problem-Solving in  Math",
		"question": "The property taxes for a commercial building are $8,500 per year. If the owner pays them monthly, what is the monthly property tax payment?",
		"answer": "a",
		"choices":{
			"a":"$708.33",
			"b":"$800.00",
			"c":"$425.00",
			"d":"$708.50"
		}
	},
	{
		"_category":"Mid-Level Problem-Solving in  Math",
		"question": "A real estate agent earns a 3% commission on the sale of a property priced at $380,000. How much commission does the agent receive?",
		"answer": "b",
		"choices":{
			"a":"$12,400",
			"b":"$11,400",
			"c":"$13,800",
			"d":"$14,200"
		}
	},
	{
		"_category":"Mid-Level Problem-Solving in  Math",
		"question": "The monthly mortgage payment for a house is $1,800. If the homeowner makes monthly payments for 25 years, what is the total amount paid?",
		"answer": "a",
		"choices":{
			"a":"$540,000",
			"b":"$450,000",
			"c":"$648,000",
			"d":"$540,800"
		}
	},
	{
		"_category":"Mid-Level Problem-Solving in  Math",
		"question": "A rental property generates $2,500 in monthly rental income. If the property management company charges a 10% fee, how much is the management fee?",
		"answer": "a",
		"choices":{
			"a":"$250.00",
			"b":"$25.00",
			"c":"$200.00",
			"d":"$225.00"
		}
	},
	{
		"_category":"Mid-Level Problem-Solving in  Math",
		"question": "A property was purchased for $300,000. After three years, it appreciated by 8%. What is its current value?",
		"answer": "b",
		"choices":{
			"a":"$324,000",
			"b":"$324,80",
			"c":"$312,000",
			"d":"$308,000"
		}
	},
	{
		"_category":"Mid-Level Problem-Solving in  Math",
		"question": "An investor bought a property for $180,000 and sold it for $220,000. If the transaction incurred closing costs of $6,500, what is the net profit?",
		"answer": "a",
		"choices":{
			"a":"$35,500",
			"b":"33,500",
			"c":"$39,500",
			"d":"$29,500"
		}
	},
	{
		"_category":"Mid-Level Problem-Solving in  Math",
		"question": "The monthly rent for an apartment is $1,200. If the landlord increases the rent by 5% annually, what will the rent be after three years?",
		"answer": "c",
		"choices":{
			"a":"$1,330.00",
			"b":"$1,400.00",
			"c":"$1,386.00",
			"d":"$1,265.00"
		}
	},
	{
		"_category":"Mid-Level Problem-Solving in  Math",
		"question": "A property management company oversees 25 properties, each generating $1,800 in monthly rent. What is the total annual rental income?",
		"answer": "a",
		"choices":{
			"a":"$540,000",
			"b":"$540,800",
			"c":"$540,500",
			"d":"$520,000"
		}
	},
	{
		"_category":"Mid-Level Problem-Solving in  Math",
		"question": "A mortgage loan has an annual interest rate of 4.5%. If the principal amount is $250,000, what is the interest for the first year?",
		"answer": "a",
		"choices":{
			"a":"$11,000",
			"b":"$10,500",
			"c":"$11,250",
			"d":"$10,000"
		}
	}
]